timestamp,service,route,latency_ms
2026-04-17T12:00:00Z,checkout,/checkout,98
2026-04-17T12:01:00Z,checkout,/checkout,102
2026-04-17T12:02:00Z,checkout,/checkout,105
2026-04-17T12:03:00Z,checkout,/checkout,101
2026-04-17T12:04:00Z,checkout,/checkout,110
2026-04-17T12:05:00Z,checkout,/checkout,99
2026-04-17T12:06:00Z,checkout,/checkout,108
2026-04-17T12:07:00Z,checkout,/checkout,103
2026-04-17T12:08:00Z,checkout,/checkout,115
2026-04-17T12:09:00Z,checkout,/checkout,100
2026-04-17T13:00:00Z,checkout,/checkout,302
2026-04-17T13:01:00Z,checkout,/checkout,330
2026-04-17T13:02:00Z,checkout,/checkout,315
2026-04-17T13:03:00Z,checkout,/checkout,410
2026-04-17T13:04:00Z,checkout,/checkout,295
2026-04-17T13:05:00Z,checkout,/checkout,350
2026-04-17T13:06:00Z,checkout,/checkout,325
2026-04-17T13:07:00Z,checkout,/checkout,390
2026-04-17T13:08:00Z,checkout,/checkout,305
2026-04-17T13:09:00Z,checkout,/checkout,370

